{
  "threshold": 0.5,
  "tp": 0,
  "fp": 0,
  "fn": 18,
  "tn": 44,
  "precision": 0.0,
  "recall": 0.0,
  "f1": 0.0,
  "best_threshold": 0.04203387208154278,
  "best_f1": 0.6122448979591837,
  "best_precision": 0.4838709677419355,
  "best_recall": 0.8333333333333334,
  "auc": 0.75,
  "n_pos": 18,
  "n_neg": 44,
  "n_total": 62,
  "skipped_dead": 38,
  "skipped_missing": 0,
  "n_evaluated": 62,
  "model_path": "models/exp003_dscnn.h5",
  "ids_csv": "data/ids/audioset_test.csv"
}