{
  "threshold": 0.5,
  "tp": 3,
  "fp": 0,
  "fn": 15,
  "tn": 44,
  "precision": 1.0,
  "recall": 0.16666666666666666,
  "f1": 0.2857142857142857,
  "best_threshold": 0.04691843942517882,
  "best_f1": 0.7555555555555556,
  "best_precision": 0.6296296296296297,
  "best_recall": 0.9444444444444444,
  "auc": 0.8699494949494949,
  "n_pos": 18,
  "n_neg": 44,
  "n_total": 62,
  "skipped_dead": 38,
  "skipped_missing": 0,
  "n_evaluated": 62,
  "backend": "keras_fp32",
  "model_path": "models/exp008_dscnn.h5",
  "ids_csv": "data/ids/audioset_test.csv"
}