{
  "threshold": 0.5,
  "tp": 3,
  "fp": 0,
  "fn": 15,
  "tn": 44,
  "precision": 1.0,
  "recall": 0.16666666666666666,
  "f1": 0.2857142857142857,
  "best_threshold": 0.0467213880023879,
  "best_f1": 0.7441860465116279,
  "best_precision": 0.64,
  "best_recall": 0.8888888888888888,
  "auc": 0.8661616161616161,
  "n_pos": 18,
  "n_neg": 44,
  "n_total": 62,
  "skipped_dead": 38,
  "skipped_missing": 0,
  "n_evaluated": 62,
  "backend": "tflite_int8",
  "model_path": "models/exp008_dscnn.tflite",
  "ids_csv": "data/ids/audioset_test.csv"
}