{
  "threshold": 0.5,
  "tp": 2,
  "fp": 0,
  "fn": 16,
  "tn": 44,
  "precision": 1.0,
  "recall": 0.1111111111111111,
  "f1": 0.19999999999999998,
  "best_threshold": 0.032314617144919254,
  "best_f1": 0.7555555555555556,
  "best_precision": 0.6296296296296297,
  "best_recall": 0.9444444444444444,
  "auc": 0.8611111111111112,
  "n_pos": 18,
  "n_neg": 44,
  "n_total": 62,
  "skipped_dead": 38,
  "skipped_missing": 0,
  "n_evaluated": 62,
  "backend": "keras_fp32",
  "model_path": "models/exp007_dscnn.h5",
  "ids_csv": "data/ids/audioset_test.csv"
}