{
  "threshold": 0.5,
  "tp": 3,
  "fp": 0,
  "fn": 15,
  "tn": 44,
  "precision": 1.0,
  "recall": 0.16666666666666666,
  "f1": 0.2857142857142857,
  "best_threshold": 0.09602149614402837,
  "best_f1": 0.6956521739130435,
  "best_precision": 0.5714285714285714,
  "best_recall": 0.8888888888888888,
  "auc": 0.8598484848484849,
  "n_pos": 18,
  "n_neg": 44,
  "n_total": 62,
  "skipped_dead": 38,
  "skipped_missing": 0,
  "n_evaluated": 62,
  "backend": "keras_fp32",
  "model_path": "models/exp006_dscnn.h5",
  "ids_csv": "data/ids/audioset_test.csv"
}