{
  "threshold": 0.5,
  "tp": 2,
  "fp": 1,
  "fn": 16,
  "tn": 43,
  "precision": 0.6666666666666666,
  "recall": 0.1111111111111111,
  "f1": 0.1904761904761905,
  "best_threshold": 0.03261329467702461,
  "best_f1": 0.6666666666666666,
  "best_precision": 0.5151515151515151,
  "best_recall": 0.9444444444444444,
  "auc": 0.8232323232323232,
  "n_pos": 18,
  "n_neg": 44,
  "n_total": 62,
  "skipped_dead": 38,
  "skipped_missing": 0,
  "n_evaluated": 62,
  "model_path": "models/exp004_dscnn.h5",
  "ids_csv": "data/ids/audioset_test.csv"
}